"","n","nevent","coef","se","hazard_ratio","hr_confint_lower","hr_confint_upper","p_value","p_adjusted"
"Unidentified_M1_contact",69,53,0.3646863,0.1418894,1.4400622422566,1.09044747128829,1.90176905919465,0.0101635501263318,0.80813367714022
"Vascular_endothelial_cells_M1_med_dist",67,51,0.2689825,0.1216263,1.30863219951308,1.03107219645847,1.66091010841396,0.0269979198171207,0.80813367714022
"Unidentified_tumor_contact",69,53,-0.3453367,0.1573935,0.707981960254314,0.52005424155975,0.96381957109363,0.028228361393882,0.80813367714022
"CD11b+_epithelial_vascular_contact",69,53,0.2320751,0.1077407,1.26121443887953,1.02112727719006,1.55775082731645,0.0312389977460227,0.80813367714022
"B_cells_vascular_med_dist",52,41,0.3155476,0.1488362,1.37100989235568,1.0241202514071,1.83539786695415,0.0339976634653592,0.80813367714022
"CD163+_cells_tumor_med_dist",68,52,0.2476226,0.1175391,1.28097641913247,1.01739983551719,1.61283747951396,0.0351413998386534,0.80813367714022
"NK/NKT_M1_med_dist",51,41,0.3616394,0.1745036,1.43568116305279,1.01981232755051,2.02113697418756,0.038229153615782,0.80813367714022
"Neuroepithelial_cells_tumor_contact",69,53,0.2961687,0.1445639,1.34469693960192,1.0129113270109,1.78516106114715,0.0404910093656432,0.80813367714022
"Non-leukocyte_derived_neural_cells_M1_med_dist",30,22,-0.5601809,0.2789995,0.571105769611812,0.330545868636795,0.986736882929516,0.0446624026209725,0.80813367714022
"CD4+_T_cells_region",69,53,-0.3164295,0.1582391,0.728746407248083,0.534420389086796,0.993733279870683,0.0455335932888195,0.80813367714022
"Tumor_region",69,53,0.2871322,0.1444578,1.33260032087327,1.00400807897406,1.76873438807999,0.0468499472973268,0.80813367714022
"B_cells_M1_contact",69,53,-0.2796331,0.1419143,0.756061087802147,0.572478579437142,0.998514859805913,0.048788329771445,0.80813367714022
"Neutrophils_M1_contact",69,53,-0.573813,0.2952659,0.56337319208286,0.315838761332107,1.0049094424604,0.0519705670239969,0.80813367714022
"CD8+_T_cells_assort",69,53,0.2897179,0.1514172,1.33605054562301,0.992970498354768,1.7976677689993,0.055700021964514,0.80813367714022
"NK/NKT_tumor_med_dist",52,42,0.2997811,0.1569453,1.34956331493357,0.992204560031828,1.83563068986103,0.0561203942458486,0.80813367714022
"Non-leukocyte_derived_neural_cells_M1_contact",69,53,0.2405472,0.1283789,1.27194496893078,0.988990219740289,1.63585440148556,0.0609678761465021,0.816607280777289
"Vascular_endothelial_cells_tumor_med_dist",68,52,0.2115786,0.1162475,1.23562713800336,0.983869296485472,1.5518061490731,0.06874821062768,0.816607280777289
"CD4+_T_cells_assort",69,53,-0.2681163,0.1490601,0.764818828929822,0.571055594138909,1.02432731084199,0.0720641215349931,0.816607280777289
"CD11b+_epithelial_prop",69,53,0.2509496,0.1395661,1.28524527813456,0.977658398626256,1.68960388136415,0.0721659646933047,0.816607280777289
"Dendritic_cells_vascular_contact",69,53,0.2351596,0.1325674,1.26511069086013,0.975634015176137,1.64047689526247,0.0760818455082569,0.816607280777289
"CD4+_T_cells_tumor_contact",69,53,0.2653392,0.1512574,1.30387320253513,0.969359322807897,1.75382367331514,0.0793923745200142,0.816607280777289
"CD11c+_epithelial_prop",69,53,-0.2641872,0.1558644,0.767829786079875,0.565708849270014,1.04216609153672,0.0900789331515458,0.826459488571602
"HLADR+_assort",69,53,0.2370857,0.1420073,1.26754974874778,0.959595523484838,1.67433291030347,0.0950119413448436,0.826459488571602
"Monocytes_assort",69,53,0.1992352,0.1255063,1.2204690398756,0.954323471979036,1.5608383541127,0.112410296914406,0.826459488571602
"CD11c+_epithelial_tumor_med_dist",62,46,0.2501693,0.1592324,1.28424279105125,0.939957541481747,1.7546319632344,0.116160606549875,0.826459488571602
"CD11c_low_immune_tumor_med_dist",37,29,0.293764,0.1873007,1.34146730598755,0.929286179178241,1.93646970476287,0.116785747101845,0.826459488571602
"CD11c+_epithelial_M1_med_dist",62,46,0.216058,0.1379484,1.24117441251232,0.947132851027434,1.62650247069795,0.117296352433368,0.826459488571602
"M1_macrophages_prop",69,53,-0.2885703,0.187993,0.749334133332099,0.51838872937916,1.08316715151011,0.124782555737357,0.826459488571602
"Monocytes_vascular_med_dist",53,42,0.2694333,0.1768391,1.30922226738761,0.925737024471775,1.8515657255921,0.127607028279666,0.826459488571602
"CD11b+_epithelial_vascular_med_dist",51,37,0.2506934,0.1646283,1.28491611924825,0.930556845026824,1.77421663418788,0.127812622032295,0.826459488571602
"B_cells_M1_med_dist",52,41,0.2289266,0.1559005,1.25724969237638,0.926229812608005,1.70657083961675,0.141991780179726,0.826459488571602
"M2_macrophages_tumor_med_dist",31,23,0.3167775,0.2175639,1.37269715990964,0.896156830924127,2.10264255965207,0.145386881429416,0.826459488571602
"B_cells_tumor_med_dist",53,42,0.2268504,0.1563617,1.25464219725733,0.923473821543438,1.70457137648776,0.146833942005479,0.826459488571602
"Neutrophils_region",69,53,-0.2422115,0.1673178,0.784890146472921,0.565441493819476,1.08950713515723,0.147725255580524,0.826459488571602
"CD11b+_epithelial_tumor_med_dist",52,38,0.2632479,0.1820505,1.30114918480004,0.910679227043757,1.85904009977431,0.148172820014525,0.826459488571602
"Other_immune_M1_contact",69,53,0.1895578,0.1311585,1.20871498959592,0.934720192301876,1.5630259601817,0.148385451611902,0.826459488571602
"B_cells_vascular_contact",69,53,-0.3159585,0.2192528,0.729089725191659,0.474408693485389,1.12049343673425,0.149565149076444,0.826459488571602
"CD4+_T_cells_prop",69,53,-0.2322409,0.1632438,0.792755156086957,0.575686042291892,1.09167270236475,0.154833967775761,0.826459488571602
"CBX2",69,53,-0.2193154,0.1546809,0.80306837515736,0.593045311824035,1.0874697132236,0.156232558177189,0.826459488571602
"CD56+CD45-_region",69,53,0.2400803,0.1701466,1.27135127637503,0.910828217711582,1.77457618957105,0.158238694101649,0.826459488571602
"Unidentified_assort",69,53,0.1937963,0.1380259,1.21384901231827,0.926140389972119,1.59093528439074,0.160301648910727,0.826459488571602
"Non-leukocyte_derived_neural_cells_vascular_contact",69,53,-0.2448101,0.1750134,0.782853219961801,0.555531495179737,1.10319427309207,0.161870656678568,0.826459488571602
"CD163+_cells_prop",69,53,-0.2902828,0.2107054,0.748051991230739,0.494970149013087,1.13053642265097,0.168304808014717,0.826459488571602
"CD11b+_epithelial_M1_med_dist",52,38,0.2454378,0.1786523,1.27818072111886,0.900581804829366,1.81410055930396,0.169494644881094,0.826459488571602
"CD11c+_epithelial_region",69,53,-0.2055653,0.150831,0.814186935211227,0.605810158394277,1.09423778436745,0.172918787651016,0.826459488571602
"Fibroblast_vascular_contact",69,53,-0.2270326,0.1689587,0.796894798934362,0.572246398029443,1.10973406343042,0.179040112014987,0.826459488571602
"CD56+CD45-_prop",69,53,0.2306937,0.1719959,1.2594733766683,0.899054045836205,1.76438023262646,0.179831462791043,0.826459488571602
"Dendritic_cells_M1_med_dist",25,21,-0.3017514,0.2280156,0.739521855195602,0.473002887278504,1.15621402959837,0.185708787837296,0.826726561240938
"CD163+_cells_tumor_contact",69,53,-0.1935275,0.1483384,0.824047146054314,0.616149576915406,1.10209229116048,0.192017118151391,0.826726561240938
"Unidentified_M1_med_dist",68,52,-0.1941048,0.1497662,0.823571628311048,0.614073272503235,1.10454282465996,0.194957504142671,0.826726561240938
"H3K14Ace",69,53,-0.167013,0.1289327,0.846188588995635,0.657233154461385,1.08946897046487,0.195199326959666,0.826726561240938
"Other_immune_region",69,53,0.1802866,0.1442321,1.19756048617021,0.902665563376968,1.58879564727264,0.211308568189417,0.833914880900915
"CD11b_low_Neutrophils_tumor_med_dist",63,48,0.1809349,0.1487392,1.19833717187789,0.895307023749024,1.60393243816084,0.223810727106703,0.833914880900915
"DUSP1",69,53,-0.1671869,0.1376537,0.846041500342486,0.645982334383801,1.10805850594127,0.224538910196506,0.833914880900915
"Other_immune_assort",69,53,0.1543346,0.1274763,1.16688126215928,0.908905318241505,1.4980789006855,0.226013265008596,0.833914880900915
"CD11b_low_Neutrophils_M1_contact",69,53,-0.1985783,0.1660801,0.819895600256194,0.592094317389685,1.13534073132649,0.231822460863363,0.833914880900915
"Non-leukocyte_derived_neural_cells_prop",69,53,0.214744,0.1807479,1.2395445728354,0.869779757078222,1.76650552687847,0.23479944839709,0.833914880900915
"NK/NKT_vascular_med_dist",51,41,0.1892642,0.1611636,1.20836016528162,0.881076727504739,1.65721581725875,0.240250441597091,0.833914880900915
"Neuroepithelial_cells_region",69,53,-0.2466706,0.2121956,0.781398008392431,0.515526608516545,1.18438667846194,0.24504529791293,0.833914880900915
"M1_macrophages_tumor_med_dist",68,52,0.1421742,0.1230821,1.15277746998656,0.905686368942401,1.46728044152902,0.24804241946561,0.833914880900915
"HLADR+_tumor_contact",69,53,0.1619685,0.1406209,1.17582321253565,0.892576227789324,1.54895479410413,0.249399250843436,0.833914880900915
"M1_macrophages_assort",69,53,-0.1901625,0.1686611,0.826824732028733,0.594085402189788,1.15074219123127,0.259538248808482,0.833914880900915
"Tumor_M1_contact",69,53,0.1505628,0.1351524,1.16248827724806,0.891962563451934,1.51506245902212,0.265269759938196,0.833914880900915
"CD163+_cells_region",69,53,-0.162742,0.1475897,0.849810370094317,0.636346135682397,1.13488182708205,0.270172651848838,0.833914880900915
"CD11b+_epithelial_region",69,53,0.222178,0.2048235,1.24879361642678,0.835881220100726,1.86567835109439,0.278041788229593,0.833914880900915
"CD11c_low_immune_vascular_med_dist",37,29,0.2131102,0.1965196,1.23752097525869,0.841927659203019,1.81899020357036,0.278177775433991,0.833914880900915
"Tumor_vascular_med_dist",68,52,0.1323438,0.1220949,1.14150071999383,0.898563599415667,1.45011871679845,0.27839042018566,0.833914880900915
"M1_macrophages_tumor_contact",69,53,0.137324,0.1267919,1.14719975739424,0.894774448202103,1.47083690868668,0.278779240266,0.833914880900915
"CD56+CD45-_assort",69,53,0.1514237,0.1417945,1.16348957485551,0.881184354447688,1.53623697920277,0.285561263463884,0.833914880900915
"CD11b_low_Neutrophils_tumor_contact",69,53,-0.145932,0.1374041,0.864216471048942,0.660182370367636,1.13130877520461,0.288206614893054,0.833914880900915
"HLADR+_region",69,53,0.1450219,0.1368926,1.15606483158797,0.884013723018333,1.51183840254345,0.289424823887685,0.833914880900915
"M2_macrophages_prop",69,53,-0.1685861,0.1601708,0.844858553627994,0.61722909505559,1.15643604839156,0.292552142441429,0.833914880900915
"Neuroepithelial_cells_assort",69,53,0.1410843,0.1350236,1.15152169580862,0.883771230216333,1.50039079184935,0.2960754872833,0.833914880900915
"NK/NKT_prop",69,53,-0.155235,0.1499761,0.856213901415682,0.638149480930217,1.14879392193321,0.300638314160338,0.833914880900915
"CD11c+_epithelial_M1_contact",69,53,-0.1469498,0.1439994,0.86333730005084,0.65104043423689,1.14486175429753,0.307496678220607,0.833914880900915
"M2_macrophages_M1_contact",69,53,-0.1539812,0.1526066,0.857288165200451,0.635664300458692,1.15618101828658,0.312971273689484,0.833914880900915
"M1_macrophages_region",69,53,-0.1561575,0.1550442,0.855424417312654,0.63125925981355,1.1591923957691,0.313847974454204,0.833914880900915
"Neuroepithelial_cells_M1_med_dist",47,34,-0.1748508,0.1739087,0.839582235823688,0.59707911601725,1.180577769011,0.314695879902023,0.833914880900915
"CD163+_cells_M1_med_dist",67,51,0.1492281,0.1494609,1.16093781448442,0.866139048092281,1.55607418008508,0.318064717256578,0.833914880900915
"CD56+CD45-_M1_med_dist",37,27,-0.196796,0.1982817,0.821358201176794,0.556871416890354,1.21146331842205,0.320950237044194,0.833914880900915
"Neuroepithelial_cells_tumor_med_dist",47,34,-0.1733514,0.1750799,0.840842054464993,0.596604028329113,1.1850663538713,0.32211162537534,0.833914880900915
"ATF6",69,53,0.132588,0.1345576,1.14177953150352,0.8770950107294,1.48633897424209,0.324445850524524,0.833914880900915
"Other_immune_tumor_med_dist",56,45,0.140219,0.1436579,1.15052571607718,0.868189389914405,1.52467818511975,0.329033980057854,0.833914880900915
"Other_immune_tumor_contact",69,53,0.1473061,0.1510937,1.15870862407424,0.861713840308696,1.5580644208094,0.329593764346938,0.833914880900915
"CD163+_cells_vascular_contact",69,53,-0.1354453,0.1391393,0.873326914182393,0.664876921785665,1.14712945215026,0.330329089389057,0.833914880900915
"Unidentified_vascular_med_dist",68,52,-0.1401428,0.1444697,0.869234088760109,0.654883292948575,1.15374435292236,0.332021665543883,0.833914880900915
"CD8+_T_cells_tumor_contact",69,53,-0.1331022,0.1399948,0.875375650089209,0.665320173029044,1.1517500292835,0.341723551615219,0.848417093665371
"CD8+_T_cells_region",69,53,0.1265851,0.1380704,1.13494600145646,0.865863502045303,1.48765067840289,0.359239476789598,0.871227371781362
"Monocytes_region",69,53,0.1336318,0.1468205,1.14297188504171,0.857159560218199,1.52408581858813,0.362732389821988,0.871227371781362
"CD8+_T_cells_prop",69,53,-0.1242092,0.1365473,0.883195075015215,0.67581422884135,1.15421295859435,0.363011404908901,0.871227371781362
"Other_immune_vascular_med_dist",56,45,0.1252197,0.1415672,1.13339740029165,0.858776145446331,1.49583762171251,0.376413170494456,0.893464228865961
"Fibroblast_prop",69,53,0.126189,0.144088,1.1344966048554,0.855372427800544,1.504704272194,0.381151087491362,0.894876466284067
"M1_macrophages_vascular_med_dist",67,51,0.1159559,0.1343067,1.12294638383906,0.863051961211435,1.46110389368352,0.387935916510989,0.901012451251329
"Non-leukocyte_derived_neural_cells_tumor_med_dist",30,22,-0.2204059,0.2576325,0.802193125969572,0.484152065142391,1.32915639048978,0.392271558123629,0.901389963347914
"CD4+_T_cells_tumor_med_dist",64,49,0.1141927,0.1364881,1.12096807782796,0.857855872930205,1.46477919095804,0.402789892671733,0.907831651367626
"Dendritic_cells_tumor_med_dist",26,22,-0.1648599,0.2015956,0.848012531472753,0.57122046674575,1.25892767398846,0.413485674890462,0.907831651367626
"CD4+_T_cells_vascular_med_dist",63,48,0.1244297,0.1527709,1.13250243587935,0.839460655319587,1.52784023783029,0.415366604700071,0.907831651367626
"CD11c+_epithelial_tumor_contact",69,53,-0.1214651,0.1497993,0.885621940169958,0.660296423300663,1.18783957209664,0.417450530749038,0.907831651367626
"Unidentified_prop",69,53,0.1071859,0.1324207,1.11314119900284,0.858684361032067,1.44300209151149,0.418265068493143,0.907831651367626
"Dendritic_cells_assort",69,53,-0.121707,0.1527301,0.88540779549314,0.656355655509115,1.19439355437859,0.425523084751004,0.907831651367626
"CD4+_T_cells_M1_contact",69,53,-0.1112368,0.1400659,0.89472681268043,0.679933022381102,1.17737489278846,0.427093556061724,0.907831651367626
"Lymphatic_endothelial_cells_prop",69,53,-0.1103272,0.1394039,0.895541069903013,0.681435397604649,1.17691832667068,0.42869827981249,0.907831651367626
"HLADR+_M1_contact",69,53,-0.1379332,0.1786482,0.871156885029512,0.613805419540084,1.23640863077254,0.440058867680513,0.918848605291682
"Tumor_assort",69,53,0.1061838,0.1382363,1.11202621135018,0.848101971312578,1.45808208984113,0.442408587733032,0.918848605291682
"CD11c_low_immune_vascular_contact",69,53,-0.1206771,0.1596656,0.886320081205921,0.648161100178862,1.211987708198,0.449762172578254,0.925225040732408
"CD11c_low_immune_prop",69,53,-0.1001925,0.1351207,0.904663212929482,0.694179833275787,1.17896759542242,0.458387841921322,0.934073338254769
"B_cells_tumor_contact",69,53,0.1004909,0.140902,1.10571355531886,0.838893084129964,1.45739962522621,0.475723960642501,0.960339957932525
"CD11c_low_immune_M1_med_dist",37,29,0.1442394,0.2062344,1.15516063434576,0.77107271591314,1.73057101308771,0.48430491054971,0.961151143805371
"Neuroepithelial_cells_vascular_med_dist",47,34,-0.1164747,0.1668111,0.890052638576287,0.64183855734858,1.23425694883328,0.485025345716599,0.961151143805371
"CD56+CD45-_tumor_contact",69,53,-0.1105311,0.1619796,0.895358494588307,0.651807999998344,1.2299125414746,0.495000806978825,0.972001584612965
"M2_macrophages_assort",69,53,-0.1068368,0.1604743,0.898672344368476,0.656153398346482,1.23082801151062,0.505566945900384,0.976660118369517
"Fibroblast_region",69,53,0.09025202,0.136813,1.09445007755953,0.837028958470083,1.43103886687437,0.509462971461084,0.976660118369517
"Lymphatic_endothelial_cells_tumor_med_dist",27,22,0.1246608,0.1936189,1.13276412893753,0.775051845427978,1.65557256508313,0.5196752908033,0.976660118369517
"Monocytes_tumor_contact",69,53,0.0756705,0.121632,1.07860711358709,0.849825886527421,1.36897842713942,0.533858557841437,0.976660118369517
"B_cells_region",69,53,0.1001981,0.1639569,1.10538985886275,0.801595229884313,1.52431887631487,0.541117088336015,0.976660118369517
"CD11c_low_immune_assort",69,53,-0.08460776,0.1384904,0.91887262830637,0.700441835863487,1.20542044152716,0.541246745676324,0.976660118369517
"CD8+_T_cells_M1_contact",69,53,0.08083305,0.1325104,1.08418987225132,0.836204015691763,1.40571876842748,0.541853440597007,0.976660118369517
"Non-leukocyte_derived_neural_cells_vascular_med_dist",30,22,-0.1467462,0.2428732,0.863513094992385,0.536456982158353,1.38996208460798,0.545704547090031,0.976660118369517
"Vascular_endothelial_cells_prop",69,53,-0.08002579,0.1339444,0.923092540247674,0.709956203392624,1.20021465238141,0.550203465341415,0.976660118369517
"Dendritic_cells_vascular_med_dist",26,22,0.1359832,0.2331978,1.14566259409946,0.725368086425981,1.80948514841044,0.559809982857774,0.976660118369517
"CD4+_T_cells_M1_med_dist",63,48,0.08898648,0.1539741,1.09306588283448,0.808319979696562,1.47811888141777,0.563310460323054,0.976660118369517
"CD11b+_epithelial_tumor_contact",69,53,-0.08274325,0.1464151,0.920587474635867,0.690933569639938,1.22657421161066,0.571986821540316,0.976660118369517
"Monocytes_M1_contact",69,53,-0.07578759,0.1430855,0.927013089534763,0.700311566890589,1.22710134859595,0.596343097146028,0.976660118369517
"Neutrophils_vascular_contact",69,53,0.07252793,0.1400281,1.07522283506984,0.817158584644846,1.41478553463168,0.604491281253201,0.976660118369517
"CD163+_cells_M1_contact",69,53,-0.07559491,0.1504662,0.927191723068342,0.690386744199848,1.24522160738009,0.615383042255896,0.976660118369517
"Neuroepithelial_cells_vascular_contact",69,53,-0.05515659,0.110188,0.946336948403503,0.762524166977178,1.17445932692709,0.616675117992459,0.976660118369517
"Neuroepithelial_cells_prop",69,53,-0.06853359,0.1383226,0.933762094556265,0.712025918796023,1.22455043589485,0.620274128886961,0.976660118369517
"Tumor_prop",69,53,0.0734388,0.1484685,1.07620267058988,0.804483996739245,1.43969574644031,0.620852751252574,0.976660118369517
"Monocytes_vascular_contact",69,53,0.0599411,0.1232756,1.06177400187343,0.833872618071076,1.35196192634571,0.626799474844096,0.976660118369517
"Fibroblast_M1_contact",69,53,-0.06239937,0.1295205,0.939507601585109,0.728873624544103,1.21101176351154,0.629967862757234,0.976660118369517
"Unidentified_region",69,53,0.05886713,0.1227631,1.0606343031322,0.833814726798699,1.34915478082258,0.631569989511966,0.976660118369517
"CD11c_low_immune_region",69,53,-0.06385028,0.1344793,0.938145449240131,0.720777470384251,1.22106602952056,0.634932101612245,0.976660118369517
"Fibroblast_assort",69,53,0.06485954,0.136948,1.06700914025058,0.815826428796002,1.39552785395601,0.635780205066196,0.976660118369517
"B_cells_assort",69,53,0.07820423,0.1653017,1.0813434803903,0.782093380839328,1.49509476902583,0.636141834184187,0.976660118369517
"Tumor_M1_med_dist",68,52,0.05962002,0.1263934,1.06143314963094,0.828526424015232,1.35981219002709,0.63713957184262,0.976660118369517
"M2_macrophages_M1_med_dist",31,23,0.09649305,0.2081855,1.10130192400459,0.732316023758892,1.65620563864042,0.643009301960196,0.976660118369517
"HLADR+_tumor_med_dist",46,36,0.0868604,0.1877718,1.09074440054905,0.754903364341528,1.57599423121773,0.643661903409654,0.976660118369517
"CD11c+_epithelial_vascular_contact",69,53,0.06028915,0.1314369,1.06214362048531,0.820925850372668,1.37423991463482,0.646454903450452,0.976660118369517
"Neutrophils_assort",69,53,-0.06876019,0.1544097,0.933550529711183,0.689769576838363,1.26348946197182,0.656095767997057,0.976660118369517
"Lymphatic_endothelial_cells_tumor_contact",69,53,-0.05722547,0.129143,0.944381120441623,0.733196874639426,1.21639321101195,0.657680987816408,0.976660118369517
"Tumor_vascular_contact",69,53,-0.06180715,0.1408315,0.940064158464368,0.713315253509077,1.23889208548668,0.660753495910934,0.976660118369517
"Fibroblast_M1_med_dist",66,50,-0.06132088,0.1401511,0.940521392935923,0.714614597626843,1.23784273860025,0.661723957952125,0.976660118369517
"Neutrophils_tumor_contact",69,53,0.05605455,0.1282803,1.05765537271476,0.822530013097643,1.35999279007416,0.662133759971007,0.976660118369517
"M2_macrophages_region",69,53,-0.08710629,0.2017475,0.916579670552978,0.617223438657627,1.36112506404187,0.665916676339155,0.976660118369517
"Other_immune_vascular_contact",69,53,-0.05688878,0.1326382,0.944699131506851,0.72843644123766,1.22516721919274,0.667994619090102,0.976660118369517
"Lymphatic_endothelial_cells_vascular_contact",69,53,0.04831047,0.1147795,1.04949644138088,0.838070399614546,1.31426044993085,0.673829458225369,0.976660118369517
"CD163+_cells_assort",69,53,0.05574593,0.1342248,1.05732901369183,0.812751585616134,1.37550595160888,0.677909288762964,0.976660118369517
"CD11c_low_immune_M1_contact",69,53,0.05494286,0.1328802,1.0564802458612,0.814242067594737,1.37078462820282,0.679257461041001,0.976660118369517
"CD56+CD45-_vascular_med_dist",38,28,0.08554762,0.2070532,1.08931343860245,0.725953557088698,1.63454501453033,0.679484032237605,0.976660118369517
"Unidentified_vascular_contact",69,53,0.05514394,0.136731,1.05669270711069,0.8082823660991,1.38144728141208,0.686725681266173,0.976660118369517
"M1_macrophages_vascular_contact",69,53,-0.05049873,0.1330024,0.950755136657509,0.732583061482347,1.23390148831938,0.704180756061243,0.976660118369517
"CD56+CD45-_vascular_contact",69,53,-0.04220125,0.1142059,0.958676829949689,0.766408004472067,1.19918014806679,0.711740819739608,0.976660118369517
"M2_macrophages_tumor_contact",69,53,0.06684331,0.1865989,1.06912793999748,0.741645608382981,1.54121394256677,0.720179250563059,0.976660118369517
"Neutrophils_prop",69,53,-0.07784545,0.2181589,0.925107389830368,0.603246657237357,1.41869610457206,0.721219773843882,0.976660118369517
"CD11b_low_Neutrophils_assort",69,53,-0.05492075,0.1546321,0.946560163001066,0.699077161493184,1.28165557614106,0.722461982692188,0.976660118369517
"Dendritic_cells_M1_contact",69,53,0.04779322,0.1346885,1.04895373493752,0.805581181126389,1.36585109461084,0.722707386203759,0.976660118369517
"NK/NKT_vascular_contact",69,53,-0.05121956,0.1488137,0.950070045871526,0.709716996681148,1.27182115728285,0.730706485158479,0.976660118369517
"CD11b_low_Neutrophils_M1_med_dist",63,48,0.05575181,0.1621703,1.05733523070806,0.769437031798948,1.45295552968469,0.73100756769188,0.976660118369517
"Fibroblast_tumor_contact",69,53,-0.04390896,0.1320974,0.957041077990102,0.738735664061616,1.23985840879081,0.739588449399555,0.976660118369517
"CD8+_T_cells_vascular_med_dist",62,49,-0.04680496,0.1409217,0.954273501099145,0.723969267029834,1.25784056916672,0.739787619521803,0.976660118369517
"HLADR+_vascular_contact",69,53,-0.04950828,0.1501811,0.951697275576074,0.709029724355513,1.27741852453676,0.741658987800804,0.976660118369517
"Neutrophils_M1_med_dist",50,36,0.05214144,0.1617192,1.05352474380309,0.767342291900569,1.44643974080498,0.747134782496858,0.976660118369517
"CD11c_low_immune_tumor_contact",69,53,-0.04021438,0.1289955,0.960583483324846,0.74599156564786,1.23690490741025,0.755230370863803,0.976660118369517
"Non-leukocyte_derived_neural_cells_assort",69,53,-0.04371092,0.1435154,0.957230632970472,0.722530289539462,1.26816895839909,0.760691361205133,0.976660118369517
"Lymphatic_endothelial_cells_vascular_med_dist",26,21,0.06184524,0.2048041,1.06379769670559,0.712081172250884,1.58923671010557,0.762672876587468,0.976660118369517
"Unidentified_tumor_med_dist",69,53,-0.03688167,0.1257033,0.963790176465993,0.753327243015421,1.23305178840231,0.769214441440445,0.976660118369517
"CD11b_low_Neutrophils_region",69,53,-0.04118366,0.1437446,0.959652860450695,0.724033286300088,1.27194927359942,0.774490748617521,0.976660118369517
"CD11b_low_Neutrophils_vascular_contact",69,53,-0.04094095,0.1438633,0.959885814295141,0.724040545934786,1.27255411545424,0.775964234935311,0.976660118369517
"Lymphatic_endothelial_cells_M1_contact",69,53,-0.03828721,0.1355105,0.962436480328029,0.737947283353635,1.25521700473869,0.777529051444175,0.976660118369517
"B_cells_prop",69,53,-0.03723639,0.1343023,0.963448359516408,0.740474506520299,1.25356475244082,0.781582004565249,0.976660118369517
"HLADR+_prop",69,53,0.03811795,0.1384939,1.03885376332207,0.791896155370515,1.36282659569611,0.783137925581259,0.976660118369517
"Vascular_endothelial_cells_M1_contact",69,53,-0.03470792,0.1278237,0.965887489182409,0.751835519230602,1.24088130700958,0.785983655314159,0.976660118369517
"CD8+_T_cells_vascular_contact",69,53,0.03677523,0.1402281,1.03745980575609,0.788150048863766,1.36563189980276,0.793126440553287,0.976660118369517
"Neutrophils_vascular_med_dist",50,36,-0.04499701,0.1720804,0.956000342548153,0.682311862463222,1.33947056358184,0.79371602034805,0.976660118369517
"NK/NKT_M1_contact",69,53,-0.032397,0.1293524,0.96812216174912,0.751320386389813,1.24748447805795,0.802235282701435,0.976660118369517
"M2_macrophages_vascular_contact",69,53,0.03809398,0.1538276,1.03882885481635,0.768432506967656,1.40437238119661,0.804412380816455,0.976660118369517
"Vascular_endothelial_cells_region",69,53,-0.03484541,0.1447976,0.965754696054431,0.727134667341753,1.28268142730819,0.809827133638459,0.976660118369517
"HLADR+_M1_med_dist",45,35,-0.05056022,0.2137647,0.950696677778263,0.625295203412072,1.4454359608177,0.813027080415101,0.976660118369517
"Other_immune_prop",69,53,-0.02992618,0.1278704,0.970517179099807,0.755370048041172,1.24694326624466,0.814957623435226,0.976660118369517
"NK/NKT_tumor_contact",69,53,-0.03081367,0.1370847,0.969656229744523,0.741192618634089,1.26854097065224,0.822151706888504,0.976660118369517
"Other_immune_M1_med_dist",55,44,0.03442415,0.1559231,1.03502352323035,0.762479591209691,1.40498671176308,0.825266489782527,0.976660118369517
"CD11b_low_Neutrophils_vascular_med_dist",62,47,0.0327339,0.1494428,1.03327554942933,0.770921553619318,1.38491180592376,0.826619177663642,0.976660118369517
"CD11b+_epithelial_M1_contact",69,53,-0.02826945,0.132383,0.972126389728004,0.7499600551047,1.26010673658302,0.830903495867776,0.976660118369517
"HLADR+_vascular_med_dist",46,36,0.04381846,0.2067268,1.04479266682531,0.696729085892297,1.56673768722309,0.832135797424319,0.976660118369517
"CD56+CD45-_tumor_med_dist",38,28,-0.04180615,0.2025653,0.959055680025956,0.644792449148712,1.42648661380015,0.836491305085003,0.976660118369517
"CD4+_T_cells_vascular_contact",69,53,-0.02726889,0.1403331,0.97309954611783,0.739103871627948,1.28117679125268,0.845928918748355,0.97900746399376
"M2_macrophages_vascular_med_dist",31,23,-0.03848497,0.2053623,0.962246164708416,0.643400663501036,1.43909966840524,0.851346707735927,0.97900746399376
"Lymphatic_endothelial_cells_M1_med_dist",27,22,-0.03035107,0.1758035,0.970104902960049,0.687344568539919,1.36918740006377,0.862932830162659,0.97900746399376
"CD8+_T_cells_M1_med_dist",62,49,-0.02384678,0.1389459,0.976435303940598,0.743656672871487,1.28207805774148,0.863731289218136,0.97900746399376
"BRCA_Mutation",47,38,-0.06075402,0.3583749,0.941054688521134,0.466192844251198,1.8996085798143,0.865382567792286,0.97900746399376
"Dendritic_cells_tumor_contact",69,53,0.028184,0.1677673,1.02858492576719,0.740348783168349,1.42903854719367,0.866587536840967,0.97900746399376
"CD11b+_epithelial_assort",69,53,0.0265136,0.1622939,1.02686821355759,0.747084749243472,1.41143066979047,0.870228856883342,0.97900746399376
"Monocytes_tumor_med_dist",54,43,-0.0221053,0.1462397,0.978137235667443,0.734379152659422,1.30280448230923,0.879851099327578,0.979610278295768
"Dendritic_cells_prop",69,53,0.02152997,0.1434259,1.02176341585624,0.771375857633706,1.35342643621854,0.880676075677962,0.979610278295768
"Age",69,53,0.001579231,0.01205498,1.00158047815913,0.978193181606802,1.0255269338329,0.895773483455262,0.979610278295768
"CD11c+_epithelial_assort",69,53,-0.02135087,0.1647275,0.978875441947139,0.708779528714672,1.35189729955214,0.896872356894753,0.979610278295768
"Monocytes_prop",69,53,-0.01487279,0.1257121,0.985237260529652,0.770077531337027,1.26051263676092,0.905823365683902,0.979610278295768
"NK/NKT_assort",69,53,-0.01539186,0.1386789,0.984725993919812,0.750363526105982,1.2922873372238,0.91162493370068,0.979610278295768
"CD8+_T_cells_tumor_med_dist",63,50,-0.01448569,0.1325551,0.985618726360322,0.760112443130435,1.27802706366885,0.912980018695981,0.979610278295768
"Monocytes_M1_med_dist",54,43,0.01496108,0.1427893,1.01507355811011,0.767282130263187,1.34288847313684,0.916552474607653,0.979610278295768
"Dendritic_cells_region",69,53,0.01462023,0.1398706,1.01472762887932,0.771420928338942,1.33477343300522,0.916751275516621,0.979610278295768
"Fibroblast_tumor_med_dist",67,51,0.01432382,0.1395618,1.01442690211491,0.771659185692256,1.3335705176778,0.91825324218229,0.979610278295768
"Neuroepithelial_cells_M1_contact",69,53,0.01103471,0.1163672,1.0110958200022,0.804897144334022,1.27011850448517,0.924452501070359,0.979610278295768
"Non-leukocyte_derived_neural_cells_tumor_contact",69,53,-0.01408825,0.1532461,0.986010520843133,0.730193937428503,1.33145004002247,0.926751897042925,0.979610278295768
"Vascular_endothelial_cells_tumor_contact",69,53,-0.01209808,0.1487844,0.987974810993945,0.738074714227791,1.32248701702206,0.935193210392807,0.979610278295768
"Lymphatic_endothelial_cells_region",69,53,0.0105041,0.129828,1.01055946055746,0.783523552024453,1.3033819094315,0.935515284011084,0.979610278295768
"Fibroblast_vascular_med_dist",66,50,0.01025811,0.1350693,1.01031090156464,0.775325145763388,1.31651620406991,0.939461257803842,0.979610278295768
"Lymphatic_endothelial_cells_assort",69,53,-0.008592487,0.1219606,0.991444322881175,0.780648059953098,1.25916132480028,0.943833125571396,0.979610278295768
"CD163+_cells_vascular_med_dist",67,51,-0.008909595,0.1362536,0.991129978304693,0.758841972061189,1.29452332641275,0.947863648906553,0.979610278295768
"Vascular_endothelial_cells_assort",69,53,-0.007877446,0.1607414,0.992153499700235,0.724028317150256,1.35957191680272,0.960913752564679,0.979935816527583
"Non-leukocyte_derived_neural_cells_region",69,53,-0.006145939,0.1334047,0.993872909039264,0.765202860258306,1.29087776669931,0.963254546288838,0.979935816527583
"CD56+CD45-_M1_contact",69,53,0.006461012,0.1476132,1.00648192957371,0.753628614139652,1.3441711946074,0.96508784067927,0.979935816527583
"CD11c+_epithelial_vascular_med_dist",61,45,-0.005404572,0.1379374,0.994610006888734,0.758997442859514,1.3033628441174,0.968745810134853,0.979935816527583
"CD11b_low_Neutrophils_prop",69,53,0.005865477,0.1605802,1.00588271236615,0.734279152431248,1.37795009934158,0.97086233674492,0.979935816527583
"NK/NKT_region",69,53,0.00321247,0.1437646,1.00321763525188,0.756872050240867,1.32974341351366,0.982172482871244,0.986740726977622
"Neutrophils_tumor_med_dist",51,37,0.001635983,0.1732222,1.00163732212204,0.71328567043534,1.40655752197499,0.9924645550504,0.9924645550504
